epoch,train_srcc,test_srcc,best_srcc,rl2
0,-0.0061,0.1693,0.1693,2.5328
1,0.0168,0.2323,0.2323,0.0520
2,0.0247,0.3537,0.3537,0.7586
3,0.2515,0.4781,0.4781,0.1365
4,0.2708,0.5425,0.5425,0.4603
5,0.4399,0.5692,0.5692,0.4055
6,0.4306,0.5593,0.5692,0.4427
7,0.4782,0.5949,0.5949,0.2809
8,0.5087,0.6387,0.6387,0.6580
9,0.4944,0.6796,0.6796,0.0581
10,0.4298,0.6680,0.6796,1.1263
11,0.5152,0.6967,0.6967,0.0541
12,0.3984,0.6967,0.6967,0.4377
13,0.5422,0.7043,0.7043,0.6897
14,0.5921,0.6914,0.7043,0.2121
15,0.6547,0.7139,0.7139,0.6270
16,0.6999,0.7658,0.7658,0.8669
17,0.5731,0.7635,0.7658,0.0889
18,0.6475,0.7835,0.7835,0.4215
19,0.7454,0.7966,0.7966,0.3970
20,0.7719,0.8022,0.8022,0.1799
21,0.7432,0.8045,0.8045,0.1430
22,0.7647,0.8064,0.8064,0.1590
23,0.7814,0.8041,0.8064,0.3406
24,0.7768,0.7886,0.8064,0.9115
25,0.7235,0.7887,0.8064,0.9690
26,0.7124,0.7938,0.8064,0.4322
27,0.7698,0.8187,0.8187,0.1607
28,0.7676,0.8103,0.8187,0.1373
29,0.7993,0.8154,0.8187,0.9194
30,0.7429,0.8190,0.8190,0.5473
31,0.7926,0.8300,0.8300,0.3159
32,0.8378,0.7977,0.8300,0.2105
33,0.7799,0.8174,0.8300,0.2416
34,0.8578,0.8284,0.8300,0.7547
35,0.7392,0.8169,0.8300,0.5085
36,0.8389,0.8152,0.8300,0.7356
37,0.8333,0.8323,0.8323,0.3577
38,0.8544,0.8368,0.8368,0.2087
39,0.7348,0.8389,0.8389,0.3649
40,0.8269,0.8106,0.8389,0.1921
41,0.7694,0.7975,0.8389,0.1961
42,0.8321,0.8045,0.8389,0.4121
43,0.8553,0.8070,0.8389,0.5415
44,0.8688,0.8111,0.8389,0.3300
45,0.8503,0.8059,0.8389,0.2237
46,0.8602,0.8152,0.8389,0.4802
47,0.8897,0.7964,0.8389,0.3755
48,0.8976,0.8138,0.8389,0.2911
49,0.8933,0.8106,0.8389,0.9487
50,0.8748,0.8050,0.8389,0.9545
51,0.8343,0.8240,0.8389,1.7736
52,0.7767,0.8147,0.8389,1.0174
53,0.8321,0.8203,0.8389,1.1653
54,0.7934,0.7998,0.8389,0.1788
55,0.8513,0.8166,0.8389,0.1231
56,0.7836,0.8195,0.8389,0.4927
57,0.8758,0.8353,0.8389,1.2129
58,0.8419,0.8398,0.8398,1.1759
59,0.8355,0.8242,0.8398,0.8234
60,0.8573,0.7797,0.8398,0.0736
61,0.6768,0.7854,0.8398,0.0614
62,0.7637,0.8099,0.8398,0.9398
63,0.6309,0.8106,0.8398,0.1456
64,0.7975,0.8272,0.8398,0.2855
65,0.8837,0.8135,0.8398,0.3470
66,0.9101,0.8121,0.8398,0.4899
67,0.9129,0.8124,0.8398,0.6275
68,0.9152,0.7958,0.8398,0.5298
69,0.9204,0.8147,0.8398,1.1342
70,0.8933,0.7869,0.8398,0.2846
71,0.8661,0.7883,0.8398,0.2720
72,0.8672,0.7656,0.8398,0.2980
73,0.8998,0.7301,0.8398,0.5106
74,0.9049,0.7757,0.8398,0.7906
75,0.8898,0.7609,0.8398,0.9373
76,0.8656,0.7327,0.8398,0.3323
77,0.8869,0.7353,0.8398,0.2211
78,0.9019,0.7534,0.8398,0.2701
79,0.8919,0.7961,0.8398,0.6699
80,0.9324,0.7893,0.8398,0.4134
81,0.9353,0.7856,0.8398,0.3418
82,0.9366,0.7979,0.8398,0.5103
83,0.9383,0.7994,0.8398,0.5772
84,0.9371,0.8095,0.8398,0.3994
85,0.9441,0.8046,0.8398,0.4406
86,0.9425,0.8265,0.8398,0.5123
87,0.9441,0.8057,0.8398,0.5312
88,0.9410,0.8019,0.8398,0.4580
89,0.9441,0.7942,0.8398,0.5300
90,0.9417,0.7778,0.8398,0.5359
91,0.9455,0.7749,0.8398,0.5208
92,0.9403,0.7816,0.8398,0.6225
93,0.9391,0.7850,0.8398,0.6260
94,0.9383,0.7736,0.8398,0.5048
95,0.9433,0.7800,0.8398,0.6170
96,0.9457,0.7813,0.8398,0.7747
97,0.9424,0.7699,0.8398,0.7157
98,0.9418,0.7721,0.8398,0.4826
99,0.9504,0.7619,0.8398,0.5564
100,0.9447,0.7658,0.8398,0.7023
101,0.9406,0.7634,0.8398,0.5225
102,0.9473,0.7556,0.8398,0.6469
103,0.9427,0.7614,0.8398,0.5692
104,0.9453,0.7496,0.8398,0.6119
105,0.9461,0.7564,0.8398,0.7299
106,0.9528,0.7494,0.8398,0.4961
107,0.9468,0.7632,0.8398,0.5782
108,0.9444,0.7914,0.8398,0.7002
109,0.9461,0.7471,0.8398,0.4620
110,0.9483,0.7471,0.8398,0.4474
111,0.9505,0.7533,0.8398,0.5775
112,0.9502,0.7755,0.8398,0.6848
113,0.9466,0.7506,0.8398,0.6164
114,0.9480,0.7659,0.8398,0.5854
115,0.9514,0.7810,0.8398,0.7949
116,0.9450,0.7513,0.8398,0.6150
117,0.9538,0.7589,0.8398,0.5076
118,0.9533,0.7549,0.8398,0.8521
119,0.9505,0.7573,0.8398,0.5957
120,0.9503,0.7310,0.8398,0.4533
121,0.9540,0.7547,0.8398,0.5187
122,0.9542,0.7569,0.8398,0.5586
123,0.9535,0.7471,0.8398,0.5395
124,0.9522,0.7554,0.8398,0.6795
125,0.9571,0.7377,0.8398,0.5988
126,0.9565,0.7657,0.8398,0.5695
127,0.9511,0.7685,0.8398,0.7361
128,0.9536,0.7659,0.8398,0.6248
129,0.9565,0.7720,0.8398,0.6896
130,0.9522,0.7441,0.8398,0.7546
131,0.9567,0.7447,0.8398,0.6075
132,0.9562,0.7391,0.8398,0.6960
133,0.9623,0.7152,0.8398,0.6071
134,0.9524,0.7442,0.8398,0.5404
135,0.9527,0.7466,0.8398,0.6623
136,0.9619,0.7286,0.8398,0.5283
137,0.9578,0.7476,0.8398,0.5816
138,0.9613,0.7184,0.8398,0.4852
139,0.9524,0.7383,0.8398,0.5369
140,0.9596,0.7333,0.8398,0.6221
141,0.9571,0.7395,0.8398,0.4599
142,0.9599,0.7198,0.8398,0.5091
143,0.9630,0.7305,0.8398,0.5415
144,0.9579,0.7398,0.8398,0.5126
145,0.9571,0.7357,0.8398,0.6294
146,0.9611,0.7305,0.8398,0.5375
147,0.9617,0.7457,0.8398,0.6411
148,0.9585,0.7439,0.8398,0.5720
149,0.9556,0.7038,0.8398,0.5052
150,0.9597,0.7371,0.8398,0.4711
151,0.9574,0.7320,0.8398,0.6459
152,0.9598,0.7396,0.8398,0.5519
153,0.9589,0.7393,0.8398,0.6737
154,0.9653,0.7233,0.8398,0.4399
155,0.9617,0.7569,0.8398,0.5443
156,0.9615,0.7463,0.8398,0.6716
157,0.9563,0.7454,0.8398,0.4636
158,0.9597,0.7380,0.8398,0.4806
159,0.9651,0.7331,0.8398,0.5120
160,0.9620,0.7156,0.8398,0.4998
161,0.9617,0.7346,0.8398,0.4980
162,0.9639,0.7239,0.8398,0.4891
163,0.9617,0.7197,0.8398,0.4802
164,0.9638,0.7559,0.8398,0.5232
165,0.9642,0.7317,0.8398,0.5128
166,0.9640,0.7262,0.8398,0.4991
167,0.9599,0.7420,0.8398,0.5349
168,0.9644,0.7260,0.8398,0.4804
169,0.9620,0.7274,0.8398,0.4931
170,0.9649,0.7395,0.8398,0.5127
171,0.9614,0.7362,0.8398,0.5567
172,0.9626,0.7469,0.8398,0.5991
173,0.9622,0.7490,0.8398,0.6315
174,0.9627,0.7225,0.8398,0.5817
175,0.9611,0.7512,0.8398,0.5356
176,0.9648,0.7307,0.8398,0.5053
177,0.9614,0.7204,0.8398,0.4941
178,0.9662,0.7139,0.8398,0.5052
179,0.9608,0.7270,0.8398,0.4998
180,0.9647,0.7235,0.8398,0.4907
181,0.9619,0.7155,0.8398,0.5310
182,0.9666,0.7348,0.8398,0.5338
183,0.9653,0.7131,0.8398,0.5271
184,0.9636,0.7320,0.8398,0.5641
185,0.9688,0.7387,0.8398,0.5952
186,0.9598,0.7396,0.8398,0.6393
187,0.9602,0.7437,0.8398,0.5981
188,0.9642,0.7572,0.8398,0.6203
189,0.9642,0.7565,0.8398,0.5847
190,0.9578,0.7516,0.8398,0.5586
191,0.9615,0.7391,0.8398,0.5323
192,0.9622,0.7402,0.8398,0.5554
193,0.9588,0.7297,0.8398,0.5768
194,0.9644,0.7223,0.8398,0.5688
195,0.9686,0.7658,0.8398,0.5782
196,0.9652,0.7216,0.8398,0.5837
197,0.9661,0.7121,0.8398,0.5573
198,0.9601,0.7579,0.8398,0.5474
199,0.9605,0.7441,0.8398,0.5802
200,0.9650,0.7289,0.8398,0.6501
201,0.9654,0.7398,0.8398,0.6092
202,0.9674,0.7363,0.8398,0.6108
203,0.9677,0.7406,0.8398,0.5845
204,0.9596,0.7456,0.8398,0.5814
205,0.9634,0.7371,0.8398,0.5453
206,0.9604,0.7498,0.8398,0.5448
207,0.9660,0.7371,0.8398,0.5482
208,0.9633,0.7093,0.8398,0.5834
209,0.9660,0.7198,0.8398,0.6115
210,0.9664,0.7243,0.8398,0.5976
211,0.9645,0.7319,0.8398,0.6243
212,0.9573,0.7549,0.8398,0.6321
213,0.9595,0.7169,0.8398,0.5810
214,0.9619,0.7282,0.8398,0.5854
215,0.9638,0.7146,0.8398,0.5547
216,0.9641,0.7419,0.8398,0.5432
217,0.9676,0.7329,0.8398,0.5671
218,0.9635,0.7227,0.8398,0.6072
219,0.9649,0.7312,0.8398,0.6190
220,0.9589,0.7083,0.8398,0.6433
221,0.9626,0.7414,0.8398,0.6439
222,0.9677,0.7321,0.8398,0.6025
223,0.9663,0.7518,0.8398,0.6387
224,0.9640,0.7155,0.8398,0.5724
225,0.9665,0.6990,0.8398,0.5955
226,0.9658,0.7220,0.8398,0.5884
227,0.9652,0.7314,0.8398,0.6161
228,0.9691,0.7075,0.8398,0.5938
229,0.9659,0.7059,0.8398,0.5682
230,0.9701,0.7259,0.8398,0.6478
231,0.9635,0.7239,0.8398,0.6321
232,0.9656,0.7472,0.8398,0.6776
233,0.9627,0.7294,0.8398,0.6448
234,0.9660,0.7065,0.8398,0.6144
235,0.9646,0.7392,0.8398,0.6064
236,0.9614,0.7129,0.8398,0.6245
237,0.9678,0.7236,0.8398,0.6040
238,0.9624,0.7122,0.8398,0.6112
239,0.9638,0.7375,0.8398,0.6389
240,0.9609,0.7358,0.8398,0.6526
241,0.9615,0.7337,0.8398,0.6202
242,0.9618,0.7340,0.8398,0.6172
243,0.9687,0.7280,0.8398,0.6149
244,0.9639,0.7483,0.8398,0.6303
245,0.9632,0.7054,0.8398,0.5922
246,0.9679,0.6917,0.8398,0.6186
247,0.9625,0.7064,0.8398,0.6002
248,0.9645,0.7362,0.8398,0.6258
249,0.9626,0.7239,0.8398,0.6228
250,0.9656,0.7339,0.8398,0.6053
251,0.9570,0.7292,0.8398,0.6010
252,0.9629,0.7308,0.8398,0.5642
253,0.9653,0.7033,0.8398,0.5927
254,0.9622,0.7189,0.8398,0.5838
255,0.9641,0.6977,0.8398,0.6125
256,0.9671,0.7393,0.8398,0.6310
257,0.9656,0.7067,0.8398,0.6111
258,0.9610,0.7314,0.8398,0.6203
259,0.9705,0.7064,0.8398,0.6276
260,0.9708,0.7279,0.8398,0.6368
261,0.9659,0.7376,0.8398,0.6496
262,0.9677,0.7216,0.8398,0.6372
263,0.9634,0.7523,0.8398,0.6452
264,0.9645,0.7130,0.8398,0.6048
265,0.9674,0.7096,0.8398,0.6195
266,0.9618,0.7161,0.8398,0.6048
267,0.9631,0.7078,0.8398,0.6216
268,0.9681,0.7287,0.8398,0.6059
269,0.9701,0.7336,0.8398,0.6147
270,0.9687,0.7222,0.8398,0.6009
271,0.9633,0.7245,0.8398,0.6095
272,0.9612,0.7143,0.8398,0.6046
273,0.9663,0.7046,0.8398,0.6145
274,0.9710,0.7107,0.8398,0.6045
275,0.9661,0.6971,0.8398,0.6145
276,0.9602,0.6895,0.8398,0.6107
277,0.9635,0.7399,0.8398,0.6388
278,0.9636,0.7173,0.8398,0.6074
279,0.9626,0.7435,0.8398,0.6671
280,0.9598,0.7337,0.8398,0.6031
281,0.9671,0.7187,0.8398,0.6191
282,0.9639,0.7186,0.8398,0.6044
283,0.9646,0.7341,0.8398,0.6614
284,0.9637,0.7294,0.8398,0.6141
285,0.9642,0.7330,0.8398,0.6061
286,0.9623,0.7359,0.8398,0.6429
287,0.9632,0.7256,0.8398,0.6219
288,0.9602,0.7112,0.8398,0.5929
289,0.9599,0.7021,0.8398,0.6002
290,0.9654,0.6957,0.8398,0.6169
291,0.9659,0.7333,0.8398,0.6430
292,0.9665,0.7184,0.8398,0.6130
293,0.9637,0.7226,0.8398,0.6267
294,0.9668,0.7177,0.8398,0.6447
295,0.9668,0.7124,0.8398,0.6141
296,0.9628,0.7245,0.8398,0.6214
297,0.9639,0.7207,0.8398,0.6413
298,0.9597,0.7347,0.8398,0.6293
299,0.9618,0.7102,0.8398,0.6194
300,0.9617,0.7440,0.8398,0.6196
301,0.9627,0.7347,0.8398,0.6125
302,0.9650,0.7210,0.8398,0.6194
303,0.9606,0.7415,0.8398,0.6481
304,0.9631,0.7286,0.8398,0.6347
305,0.9666,0.7357,0.8398,0.6421
306,0.9676,0.7106,0.8398,0.6186
307,0.9620,0.7229,0.8398,0.6414
308,0.9633,0.7070,0.8398,0.6126
309,0.9653,0.7364,0.8398,0.6220
310,0.9664,0.7347,0.8398,0.6848
311,0.9697,0.7384,0.8398,0.6526
312,0.9626,0.6989,0.8398,0.6311
313,0.9658,0.7550,0.8398,0.6456
314,0.9631,0.7273,0.8398,0.6548
315,0.9619,0.7264,0.8398,0.6408
316,0.9606,0.7159,0.8398,0.6551
317,0.9667,0.7467,0.8398,0.6531
318,0.9651,0.7176,0.8398,0.6129
319,0.9669,0.7320,0.8398,0.6541
320,0.9682,0.7347,0.8398,0.6235
321,0.9653,0.7163,0.8398,0.6457
322,0.9609,0.7065,0.8398,0.6327
323,0.9662,0.7086,0.8398,0.6238
324,0.9636,0.7416,0.8398,0.6454
325,0.9702,0.7209,0.8398,0.6266
326,0.9620,0.7327,0.8398,0.6401
327,0.9606,0.7446,0.8398,0.6636
328,0.9653,0.7258,0.8398,0.6311
329,0.9653,0.7142,0.8398,0.6414
330,0.9654,0.7256,0.8398,0.6428
331,0.9671,0.7377,0.8398,0.6611
332,0.9634,0.6982,0.8398,0.6276
333,0.9594,0.7174,0.8398,0.6341
334,0.9617,0.7243,0.8398,0.6843
335,0.9671,0.7093,0.8398,0.6263
336,0.9686,0.7191,0.8398,0.6453
337,0.9647,0.7325,0.8398,0.6582
338,0.9606,0.7121,0.8398,0.6379
339,0.9605,0.7266,0.8398,0.6484
340,0.9643,0.7065,0.8398,0.6391
341,0.9628,0.7225,0.8398,0.6076
342,0.9672,0.7184,0.8398,0.6410
343,0.9663,0.7421,0.8398,0.6434
344,0.9685,0.7508,0.8398,0.6584
345,0.9645,0.7216,0.8398,0.6465
346,0.9631,0.7117,0.8398,0.6241
347,0.9659,0.7238,0.8398,0.6463
348,0.9656,0.7296,0.8398,0.6488
349,0.9623,0.6986,0.8398,0.6192
350,0.9626,0.7398,0.8398,0.6604
351,0.9650,0.7002,0.8398,0.6463
352,0.9639,0.7319,0.8398,0.6236
353,0.9642,0.7081,0.8398,0.6204
354,0.9627,0.7081,0.8398,0.6219
355,0.9654,0.7487,0.8398,0.6515
356,0.9631,0.7094,0.8398,0.6423
357,0.9635,0.7079,0.8398,0.6372
358,0.9661,0.7279,0.8398,0.6252
359,0.9643,0.7266,0.8398,0.6498
360,0.9702,0.7161,0.8398,0.6226
361,0.9644,0.7329,0.8398,0.6506
362,0.9668,0.7287,0.8398,0.6369
363,0.9670,0.7076,0.8398,0.6191
364,0.9670,0.7093,0.8398,0.6351
365,0.9667,0.7350,0.8398,0.6668
366,0.9649,0.7125,0.8398,0.6643
367,0.9634,0.7022,0.8398,0.6375
368,0.9644,0.7206,0.8398,0.6319
369,0.9658,0.7246,0.8398,0.6283
370,0.9639,0.7367,0.8398,0.6505
371,0.9621,0.7049,0.8398,0.6109
372,0.9637,0.7203,0.8398,0.6247
373,0.9637,0.7069,0.8398,0.6219
374,0.9611,0.7449,0.8398,0.6335
375,0.9676,0.6992,0.8398,0.6276
376,0.9630,0.7094,0.8398,0.6056
377,0.9662,0.7427,0.8398,0.6261
378,0.9642,0.7182,0.8398,0.6504
379,0.9684,0.7428,0.8398,0.6669
380,0.9680,0.7449,0.8398,0.6384
381,0.9676,0.7131,0.8398,0.6390
382,0.9630,0.7339,0.8398,0.6271
383,0.9654,0.7330,0.8398,0.6395
384,0.9672,0.7087,0.8398,0.6258
385,0.9662,0.7019,0.8398,0.6306
386,0.9641,0.7122,0.8398,0.6230
387,0.9660,0.7158,0.8398,0.6204
388,0.9608,0.7052,0.8398,0.6372
389,0.9641,0.7308,0.8398,0.6056
390,0.9632,0.7099,0.8398,0.6221
391,0.9640,0.7164,0.8398,0.6251
392,0.9653,0.7313,0.8398,0.6653
393,0.9613,0.7182,0.8398,0.6635
394,0.9695,0.6990,0.8398,0.6187
395,0.9632,0.7083,0.8398,0.6167
396,0.9632,0.6994,0.8398,0.6225
397,0.9585,0.7457,0.8398,0.6272
398,0.9594,0.7060,0.8398,0.6104
399,0.9662,0.7311,0.8398,0.6693
400,0.9630,0.6962,0.8398,0.6166
401,0.9663,0.7414,0.8398,0.6656
402,0.9674,0.7396,0.8398,0.6344
403,0.9627,0.7368,0.8398,0.6650
404,0.9612,0.7251,0.8398,0.6111
405,0.9680,0.7279,0.8398,0.6173
406,0.9563,0.7452,0.8398,0.6648
407,0.9653,0.7203,0.8398,0.6244
408,0.9668,0.6917,0.8398,0.6296
409,0.9617,0.7263,0.8398,0.6225
410,0.9651,0.7169,0.8398,0.6219
411,0.9652,0.7303,0.8398,0.6621
412,0.9618,0.7455,0.8398,0.6108
413,0.9620,0.7342,0.8398,0.6406
414,0.9618,0.7396,0.8398,0.6228
415,0.9673,0.7334,0.8398,0.6460
416,0.9649,0.7544,0.8398,0.6637
417,0.9595,0.6954,0.8398,0.6241
418,0.9698,0.7110,0.8398,0.6167
419,0.9669,0.7399,0.8398,0.6298
420,0.9640,0.7085,0.8398,0.6454
421,0.9659,0.7117,0.8398,0.6356
422,0.9621,0.7045,0.8398,0.6176
423,0.9667,0.7122,0.8398,0.6377
424,0.9649,0.7194,0.8398,0.6329
425,0.9646,0.7368,0.8398,0.6360
426,0.9610,0.7481,0.8398,0.6311
427,0.9638,0.7340,0.8398,0.6123
428,0.9641,0.7405,0.8398,0.6304
429,0.9641,0.7014,0.8398,0.6136
430,0.9692,0.7148,0.8398,0.6517
431,0.9664,0.7277,0.8398,0.6210
432,0.9638,0.6954,0.8398,0.6389
433,0.9621,0.7123,0.8398,0.6175
434,0.9646,0.7175,0.8398,0.6173
435,0.9681,0.7160,0.8398,0.6310
436,0.9639,0.7393,0.8398,0.6121
437,0.9636,0.7213,0.8398,0.5973
438,0.9642,0.7439,0.8398,0.6449
439,0.9686,0.7120,0.8398,0.6340
440,0.9649,0.7341,0.8398,0.6256
441,0.9671,0.7367,0.8398,0.6309
442,0.9620,0.7328,0.8398,0.6220
443,0.9681,0.7343,0.8398,0.6227
444,0.9622,0.7302,0.8398,0.6194
445,0.9617,0.7009,0.8398,0.6341
446,0.9687,0.7209,0.8398,0.6153
447,0.9673,0.7123,0.8398,0.6169
448,0.9630,0.7419,0.8398,0.6473
449,0.9681,0.7206,0.8398,0.6552
450,0.9697,0.7063,0.8398,0.6302
451,0.9629,0.7298,0.8398,0.6776
452,0.9669,0.7363,0.8398,0.6290
453,0.9650,0.6955,0.8398,0.6283
454,0.9648,0.7266,0.8398,0.6695
455,0.9647,0.7099,0.8398,0.6317
456,0.9662,0.7094,0.8398,0.6255
457,0.9649,0.7419,0.8398,0.6214
458,0.9645,0.7151,0.8398,0.6087
459,0.9656,0.7441,0.8398,0.6317
460,0.9622,0.7066,0.8398,0.5960
461,0.9613,0.7372,0.8398,0.6505
462,0.9633,0.6938,0.8398,0.5999
463,0.9668,0.7145,0.8398,0.6273
464,0.9688,0.7144,0.8398,0.6148
465,0.9657,0.7265,0.8398,0.6433
466,0.9629,0.7377,0.8398,0.6544
467,0.9627,0.7193,0.8398,0.6218
468,0.9652,0.7369,0.8398,0.6052
469,0.9652,0.7251,0.8398,0.6549
470,0.9700,0.7141,0.8398,0.6151
471,0.9630,0.7258,0.8398,0.6128
472,0.9631,0.7428,0.8398,0.6470
473,0.9635,0.7397,0.8398,0.6226
474,0.9666,0.7381,0.8398,0.6235
475,0.9643,0.6862,0.8398,0.6240
476,0.9665,0.7277,0.8398,0.6586
477,0.9664,0.7138,0.8398,0.6095
478,0.9606,0.7472,0.8398,0.6614
479,0.9669,0.6997,0.8398,0.6252
480,0.9609,0.7358,0.8398,0.6455
481,0.9634,0.6977,0.8398,0.6244
482,0.9635,0.7445,0.8398,0.6434
483,0.9644,0.6942,0.8398,0.6241
484,0.9620,0.7383,0.8398,0.6447
485,0.9668,0.7221,0.8398,0.6194
486,0.9657,0.7143,0.8398,0.6457
487,0.9666,0.7271,0.8398,0.6034
488,0.9644,0.7072,0.8398,0.6187
489,0.9653,0.7235,0.8398,0.6630
490,0.9642,0.7169,0.8398,0.6052
491,0.9652,0.7272,0.8398,0.6672
492,0.9659,0.7536,0.8398,0.6536
493,0.9627,0.6882,0.8398,0.6217
494,0.9633,0.7080,0.8398,0.6194
495,0.9664,0.7142,0.8398,0.6385
496,0.9637,0.7331,0.8398,0.6369
497,0.9664,0.7233,0.8398,0.6384
498,0.9698,0.7092,0.8398,0.6219
499,0.9657,0.7177,0.8398,0.6348
500,0.9650,0.7329,0.8398,0.6222
501,0.9665,0.7412,0.8398,0.6210
502,0.9683,0.7113,0.8398,0.5995
503,0.9644,0.7112,0.8398,0.6464
504,0.9696,0.6996,0.8398,0.6263
505,0.9629,0.7234,0.8398,0.6256
506,0.9696,0.7430,0.8398,0.6400
507,0.9699,0.7353,0.8398,0.6611
508,0.9630,0.7285,0.8398,0.6191
509,0.9655,0.7300,0.8398,0.6438
510,0.9633,0.7023,0.8398,0.6261
511,0.9672,0.7416,0.8398,0.6439
512,0.9672,0.7391,0.8398,0.6342
513,0.9619,0.7120,0.8398,0.6097
514,0.9654,0.7281,0.8398,0.6314
515,0.9654,0.7093,0.8398,0.6151
516,0.9613,0.7135,0.8398,0.6299
517,0.9654,0.7288,0.8398,0.6433
518,0.9647,0.7188,0.8398,0.6219
519,0.9640,0.7390,0.8398,0.6452
520,0.9639,0.7137,0.8398,0.6365
521,0.9625,0.7311,0.8398,0.6623
522,0.9655,0.7176,0.8398,0.6238
523,0.9678,0.7388,0.8398,0.6317
524,0.9706,0.7090,0.8398,0.6198
525,0.9654,0.7311,0.8398,0.6614
526,0.9660,0.7124,0.8398,0.6203
527,0.9675,0.7303,0.8398,0.6337
528,0.9684,0.7244,0.8398,0.6247
529,0.9654,0.7119,0.8398,0.6272
530,0.9646,0.7302,0.8398,0.6526
531,0.9644,0.7365,0.8398,0.6101
532,0.9659,0.7474,0.8398,0.6186
533,0.9652,0.7035,0.8398,0.6189
534,0.9671,0.7140,0.8398,0.6279
535,0.9655,0.7470,0.8398,0.6629
536,0.9665,0.7050,0.8398,0.5977
537,0.9652,0.7258,0.8398,0.6316
538,0.9702,0.7381,0.8398,0.6353
539,0.9664,0.7276,0.8398,0.6323
540,0.9630,0.7172,0.8398,0.6207
541,0.9653,0.7086,0.8398,0.6295
542,0.9638,0.7345,0.8398,0.6478
543,0.9618,0.7493,0.8398,0.6676
544,0.9689,0.7152,0.8398,0.6120
545,0.9661,0.7426,0.8398,0.6672
546,0.9620,0.7070,0.8398,0.6308
547,0.9658,0.7067,0.8398,0.6220
548,0.9622,0.7305,0.8398,0.6578
549,0.9660,0.7216,0.8398,0.6525
550,0.9643,0.7332,0.8398,0.6160
551,0.9659,0.7423,0.8398,0.6664
552,0.9665,0.7239,0.8398,0.6124
553,0.9660,0.7336,0.8398,0.6572
554,0.9645,0.7285,0.8398,0.6144
555,0.9670,0.7306,0.8398,0.6130
556,0.9662,0.7332,0.8398,0.6316
557,0.9660,0.7004,0.8398,0.6233
558,0.9661,0.7036,0.8398,0.6270
559,0.9667,0.7275,0.8398,0.6190
560,0.9647,0.7069,0.8398,0.6256
561,0.9612,0.7349,0.8398,0.6558
562,0.9683,0.7094,0.8398,0.6169
563,0.9654,0.7210,0.8398,0.6226
564,0.9614,0.6994,0.8398,0.6121
565,0.9627,0.7249,0.8398,0.6552
566,0.9639,0.7126,0.8398,0.6006
567,0.9628,0.7244,0.8398,0.6391
568,0.9681,0.7084,0.8398,0.6431
569,0.9669,0.7334,0.8398,0.6218
570,0.9643,0.7027,0.8398,0.6298
571,0.9618,0.7457,0.8398,0.6611
572,0.9601,0.7021,0.8398,0.6094
573,0.9709,0.7332,0.8398,0.6396
574,0.9715,0.7377,0.8398,0.6216
575,0.9686,0.7301,0.8398,0.6341
576,0.9621,0.7269,0.8398,0.6229
577,0.9652,0.7019,0.8398,0.6309
578,0.9636,0.7126,0.8398,0.6203
579,0.9681,0.7134,0.8398,0.6347
580,0.9630,0.7170,0.8398,0.6115
581,0.9666,0.7314,0.8398,0.6183
582,0.9663,0.7359,0.8398,0.6439
583,0.9646,0.7102,0.8398,0.6034
584,0.9675,0.7064,0.8398,0.6265
585,0.9691,0.7328,0.8398,0.6206
586,0.9690,0.7177,0.8398,0.6262
587,0.9656,0.7334,0.8398,0.6560
588,0.9644,0.7045,0.8398,0.6362
589,0.9661,0.7083,0.8398,0.6222
590,0.9639,0.7156,0.8398,0.6120
591,0.9659,0.7028,0.8398,0.6167
592,0.9655,0.7364,0.8398,0.6118
593,0.9696,0.7328,0.8398,0.6202
594,0.9667,0.7251,0.8398,0.6421
595,0.9647,0.7223,0.8398,0.6137
596,0.9674,0.7256,0.8398,0.6224
597,0.9635,0.7307,0.8398,0.6226
598,0.9673,0.7382,0.8398,0.6437
599,0.9636,0.7041,0.8398,0.6009
600,0.9597,0.7148,0.8398,0.6303
601,0.9690,0.7201,0.8398,0.6224
602,0.9668,0.7069,0.8398,0.6320
603,0.9603,0.6996,0.8398,0.6211
604,0.9665,0.7076,0.8398,0.6275
605,0.9695,0.7243,0.8398,0.6393
606,0.9602,0.7257,0.8398,0.6514
607,0.9672,0.7132,0.8398,0.6044
608,0.9620,0.7164,0.8398,0.6366
609,0.9670,0.7026,0.8398,0.6235
610,0.9689,0.7073,0.8398,0.6056
611,0.9635,0.7356,0.8398,0.6487
612,0.9646,0.7398,0.8398,0.6462
613,0.9590,0.7283,0.8398,0.6478
614,0.9653,0.7093,0.8398,0.6322
615,0.9640,0.7254,0.8398,0.6313
616,0.9684,0.7162,0.8398,0.6274
617,0.9629,0.7134,0.8398,0.6251
618,0.9654,0.7195,0.8398,0.6109
619,0.9633,0.7063,0.8398,0.5942
620,0.9621,0.7065,0.8398,0.6099
621,0.9646,0.7299,0.8398,0.6560
622,0.9677,0.6966,0.8398,0.6180
623,0.9694,0.7149,0.8398,0.6153
624,0.9636,0.7101,0.8398,0.6231
625,0.9628,0.7256,0.8398,0.6436
626,0.9644,0.7251,0.8398,0.6210
627,0.9669,0.7473,0.8398,0.6119
628,0.9656,0.7266,0.8398,0.6475
629,0.9659,0.7281,0.8398,0.6279
630,0.9646,0.7014,0.8398,0.6317
631,0.9662,0.7321,0.8398,0.6423
632,0.9663,0.7244,0.8398,0.6103
633,0.9626,0.7343,0.8398,0.6188
634,0.9678,0.7031,0.8398,0.6001
635,0.9633,0.7131,0.8398,0.6346
636,0.9644,0.7015,0.8398,0.6073
637,0.9628,0.7327,0.8398,0.6362
638,0.9693,0.7271,0.8398,0.6356
639,0.9637,0.7513,0.8398,0.6313
640,0.9599,0.7356,0.8398,0.6191
641,0.9671,0.7356,0.8398,0.6504
642,0.9619,0.7169,0.8398,0.6115
643,0.9656,0.7125,0.8398,0.6151
644,0.9695,0.7365,0.8398,0.6535
645,0.9626,0.7045,0.8398,0.6265
646,0.9650,0.7285,0.8398,0.6372
647,0.9649,0.7334,0.8398,0.6431
648,0.9661,0.7361,0.8398,0.6188
649,0.9601,0.7253,0.8398,0.6260
650,0.9693,0.7452,0.8398,0.6774
651,0.9662,0.7500,0.8398,0.6389
652,0.9611,0.7356,0.8398,0.6558
653,0.9631,0.7165,0.8398,0.6187
654,0.9632,0.7328,0.8398,0.6122
655,0.9661,0.7206,0.8398,0.6261
656,0.9639,0.7202,0.8398,0.6257
657,0.9688,0.7176,0.8398,0.6484
658,0.9669,0.7373,0.8398,0.6473
659,0.9653,0.7298,0.8398,0.6121
660,0.9667,0.7388,0.8398,0.6162
661,0.9657,0.7352,0.8398,0.6618
662,0.9625,0.7007,0.8398,0.6111
663,0.9626,0.7087,0.8398,0.6321
664,0.9665,0.7221,0.8398,0.6173
665,0.9633,0.7098,0.8398,0.6402
666,0.9625,0.7212,0.8398,0.6553
667,0.9683,0.7197,0.8398,0.6240
668,0.9641,0.7385,0.8398,0.6397
669,0.9658,0.7399,0.8398,0.6334
670,0.9697,0.6897,0.8398,0.6090
671,0.9673,0.7209,0.8398,0.6283
672,0.9670,0.7187,0.8398,0.6332
673,0.9592,0.7306,0.8398,0.6134
674,0.9726,0.7405,0.8398,0.6258
675,0.9660,0.6946,0.8398,0.6253
676,0.9699,0.7078,0.8398,0.6226
677,0.9658,0.6959,0.8398,0.6130
678,0.9674,0.7095,0.8398,0.6258
679,0.9604,0.7159,0.8398,0.6327
680,0.9646,0.7362,0.8398,0.6339
681,0.9663,0.7250,0.8398,0.6496
682,0.9713,0.7110,0.8398,0.6038
683,0.9713,0.7150,0.8398,0.6267
684,0.9674,0.7267,0.8398,0.6237
685,0.9664,0.7279,0.8398,0.6562
686,0.9634,0.7373,0.8398,0.6165
687,0.9576,0.7095,0.8398,0.6102
688,0.9593,0.7075,0.8398,0.6166
689,0.9642,0.7208,0.8398,0.6239
690,0.9612,0.7110,0.8398,0.6141
691,0.9645,0.7019,0.8398,0.6169
692,0.9639,0.7287,0.8398,0.6546
693,0.9646,0.7239,0.8398,0.6456
694,0.9644,0.7288,0.8398,0.6294
695,0.9662,0.7031,0.8398,0.6261
696,0.9631,0.7297,0.8398,0.6180
697,0.9628,0.7356,0.8398,0.6360
698,0.9661,0.7288,0.8398,0.6453
699,0.9649,0.7095,0.8398,0.6280
700,0.9623,0.7075,0.8398,0.6192
701,0.9646,0.7139,0.8398,0.6200
702,0.9607,0.7261,0.8398,0.6584
703,0.9626,0.7297,0.8398,0.6282
704,0.9628,0.6990,0.8398,0.6179
705,0.9691,0.7335,0.8398,0.6552
706,0.9647,0.6884,0.8398,0.6244
707,0.9660,0.7239,0.8398,0.6549
708,0.9627,0.7229,0.8398,0.6509
709,0.9648,0.7203,0.8398,0.5925
710,0.9670,0.7289,0.8398,0.6336
711,0.9623,0.7144,0.8398,0.6249
712,0.9666,0.7401,0.8398,0.6476
713,0.9636,0.7295,0.8398,0.6444
714,0.9700,0.7304,0.8398,0.6218
715,0.9706,0.7050,0.8398,0.6251
716,0.9612,0.7379,0.8398,0.6381
717,0.9664,0.7405,0.8398,0.6621
718,0.9650,0.7319,0.8398,0.6387
719,0.9638,0.7492,0.8398,0.6146
720,0.9675,0.7333,0.8398,0.6241
721,0.9656,0.7331,0.8398,0.6138
722,0.9633,0.6991,0.8398,0.6377
723,0.9626,0.7272,0.8398,0.6468
724,0.9623,0.7434,0.8398,0.6726
725,0.9667,0.7159,0.8398,0.6444
726,0.9635,0.7420,0.8398,0.6683
727,0.9669,0.7005,0.8398,0.6343
728,0.9638,0.7355,0.8398,0.6208
729,0.9681,0.7426,0.8398,0.6237
730,0.9646,0.7225,0.8398,0.6292
731,0.9669,0.7447,0.8398,0.6369
732,0.9621,0.7219,0.8398,0.6123
733,0.9675,0.7084,0.8398,0.6085
734,0.9662,0.7264,0.8398,0.6301
735,0.9627,0.7310,0.8398,0.6163
736,0.9642,0.7275,0.8398,0.6132
737,0.9696,0.7227,0.8398,0.6097
738,0.9647,0.7213,0.8398,0.6207
739,0.9651,0.7284,0.8398,0.6099
740,0.9652,0.7101,0.8398,0.6212
741,0.9589,0.7380,0.8398,0.6556
742,0.9676,0.7231,0.8398,0.6435
743,0.9638,0.7282,0.8398,0.6370
744,0.9687,0.7058,0.8398,0.6146
745,0.9648,0.7025,0.8398,0.6163
746,0.9603,0.7046,0.8398,0.6375
747,0.9623,0.7051,0.8398,0.6542
748,0.9656,0.7483,0.8398,0.6127
749,0.9674,0.7376,0.8398,0.6620
750,0.9591,0.7100,0.8398,0.6104
751,0.9653,0.7232,0.8398,0.6348
752,0.9600,0.7287,0.8398,0.6349
753,0.9648,0.6945,0.8398,0.6255
754,0.9647,0.7148,0.8398,0.6514
755,0.9667,0.7209,0.8398,0.6324
756,0.9651,0.7323,0.8398,0.6289
757,0.9651,0.7033,0.8398,0.6397
758,0.9690,0.7150,0.8398,0.6249
759,0.9662,0.7086,0.8398,0.6220
760,0.9673,0.7126,0.8398,0.6188
761,0.9589,0.7081,0.8398,0.6305
762,0.9637,0.7216,0.8398,0.6233
763,0.9657,0.7030,0.8398,0.6386
764,0.9675,0.7006,0.8398,0.6263
765,0.9698,0.7415,0.8398,0.6297
766,0.9647,0.7167,0.8398,0.6443
767,0.9655,0.7309,0.8398,0.6748
768,0.9653,0.7210,0.8398,0.6114
769,0.9578,0.7385,0.8398,0.6145
770,0.9683,0.7387,0.8398,0.6439
771,0.9665,0.7379,0.8398,0.6302
772,0.9651,0.7229,0.8398,0.6211
773,0.9657,0.7092,0.8398,0.6283
774,0.9650,0.7103,0.8398,0.6108
775,0.9605,0.7351,0.8398,0.6311
776,0.9613,0.7334,0.8398,0.6509
777,0.9604,0.7358,0.8398,0.6310
778,0.9645,0.7280,0.8398,0.6651
779,0.9662,0.7195,0.8398,0.6151
780,0.9644,0.7283,0.8398,0.6290
781,0.9631,0.7297,0.8398,0.6411
782,0.9645,0.7115,0.8398,0.6113
783,0.9657,0.7101,0.8398,0.6226
784,0.9649,0.7141,0.8398,0.6443
785,0.9615,0.7044,0.8398,0.6257
786,0.9698,0.7466,0.8398,0.6694
787,0.9675,0.7423,0.8398,0.6432
788,0.9660,0.7146,0.8398,0.6363
789,0.9646,0.7393,0.8398,0.6377
790,0.9614,0.7387,0.8398,0.6584
791,0.9635,0.7206,0.8398,0.6303
792,0.9665,0.6935,0.8398,0.6229
793,0.9567,0.7328,0.8398,0.6140
794,0.9682,0.7323,0.8398,0.6131
795,0.9655,0.7387,0.8398,0.6376
796,0.9667,0.7404,0.8398,0.6479
797,0.9648,0.7314,0.8398,0.6583
798,0.9681,0.7337,0.8398,0.6331
799,0.9680,0.6978,0.8398,0.6351
800,0.9662,0.7464,0.8398,0.6598
801,0.9611,0.7336,0.8398,0.6356
802,0.9636,0.7242,0.8398,0.6512
803,0.9636,0.7160,0.8398,0.6240
804,0.9657,0.7443,0.8398,0.6761
805,0.9667,0.7498,0.8398,0.6454
806,0.9656,0.7352,0.8398,0.6692
807,0.9598,0.7250,0.8398,0.6264
808,0.9611,0.7212,0.8398,0.6424
809,0.9659,0.7226,0.8398,0.6418
810,0.9641,0.7397,0.8398,0.6650
811,0.9665,0.7021,0.8398,0.6188
812,0.9681,0.7418,0.8398,0.6654
813,0.9635,0.7330,0.8398,0.6388
814,0.9644,0.7294,0.8398,0.6230
815,0.9655,0.7363,0.8398,0.6347
816,0.9663,0.7351,0.8398,0.6531
817,0.9644,0.7144,0.8398,0.6231
818,0.9618,0.7127,0.8398,0.6209
819,0.9658,0.7167,0.8398,0.6261
820,0.9671,0.6944,0.8398,0.6272
821,0.9659,0.7233,0.8398,0.6329
822,0.9668,0.7111,0.8398,0.6437
823,0.9691,0.7385,0.8398,0.6398
824,0.9627,0.7249,0.8398,0.6230
825,0.9652,0.7159,0.8398,0.6138
826,0.9619,0.7248,0.8398,0.6146
827,0.9609,0.7322,0.8398,0.6515
828,0.9656,0.7105,0.8398,0.6271
829,0.9657,0.7233,0.8398,0.6123
830,0.9651,0.7143,0.8398,0.6188
831,0.9649,0.7356,0.8398,0.6137
832,0.9605,0.7377,0.8398,0.6389
833,0.9668,0.7056,0.8398,0.6191
834,0.9646,0.7069,0.8398,0.6158
835,0.9606,0.7259,0.8398,0.6247
836,0.9628,0.7406,0.8398,0.6373
837,0.9677,0.7377,0.8398,0.6544
838,0.9648,0.7249,0.8398,0.6348
839,0.9638,0.7140,0.8398,0.6232
840,0.9648,0.7541,0.8398,0.6214
841,0.9650,0.7306,0.8398,0.6292
842,0.9620,0.7360,0.8398,0.6155
843,0.9598,0.7302,0.8398,0.6441
844,0.9641,0.7126,0.8398,0.6183
845,0.9694,0.7500,0.8398,0.6302
846,0.9658,0.7145,0.8398,0.6323
847,0.9662,0.7391,0.8398,0.6445
848,0.9695,0.7180,0.8398,0.6332
849,0.9637,0.7253,0.8398,0.6415
850,0.9635,0.7416,0.8398,0.6504
851,0.9622,0.7089,0.8398,0.6301
852,0.9666,0.7254,0.8398,0.6273
853,0.9647,0.7256,0.8398,0.6092
854,0.9648,0.7360,0.8398,0.6559
855,0.9613,0.7275,0.8398,0.6596
856,0.9568,0.7160,0.8398,0.6130
857,0.9633,0.7096,0.8398,0.6311
858,0.9632,0.7197,0.8398,0.6393
859,0.9644,0.7029,0.8398,0.6071
860,0.9670,0.7308,0.8398,0.6543
861,0.9639,0.7315,0.8398,0.6275
862,0.9648,0.7402,0.8398,0.6504
863,0.9680,0.7024,0.8398,0.6316
864,0.9639,0.7061,0.8398,0.6399
865,0.9690,0.7238,0.8398,0.6341
866,0.9657,0.7141,0.8398,0.6121
867,0.9654,0.7244,0.8398,0.6226
868,0.9678,0.7244,0.8398,0.6444
869,0.9684,0.7349,0.8398,0.6427
870,0.9638,0.7329,0.8398,0.6222
871,0.9621,0.7144,0.8398,0.6149
872,0.9640,0.7294,0.8398,0.6212
873,0.9621,0.7249,0.8398,0.6354
874,0.9656,0.7121,0.8398,0.6317
875,0.9681,0.7012,0.8398,0.6145
876,0.9622,0.7442,0.8398,0.6596
877,0.9631,0.7095,0.8398,0.6236
878,0.9653,0.7028,0.8398,0.6308
879,0.9632,0.7121,0.8398,0.6152
880,0.9620,0.7167,0.8398,0.6116
881,0.9667,0.7164,0.8398,0.6181
882,0.9598,0.7224,0.8398,0.6191
883,0.9595,0.7063,0.8398,0.6061
884,0.9646,0.7257,0.8398,0.6622
885,0.9653,0.7243,0.8398,0.6697
886,0.9662,0.6935,0.8398,0.6137
887,0.9655,0.7278,0.8398,0.6121
888,0.9626,0.7155,0.8398,0.6179
889,0.9646,0.7103,0.8398,0.6309
890,0.9660,0.7049,0.8398,0.6233
891,0.9645,0.7292,0.8398,0.6460
892,0.9685,0.7143,0.8398,0.6270
893,0.9646,0.7370,0.8398,0.6159
894,0.9622,0.7389,0.8398,0.6492
895,0.9646,0.7113,0.8398,0.6345
896,0.9622,0.7208,0.8398,0.6052
897,0.9657,0.7239,0.8398,0.6110
898,0.9644,0.7497,0.8398,0.6380
899,0.9687,0.7003,0.8398,0.6378
900,0.9669,0.7280,0.8398,0.6385
901,0.9609,0.7385,0.8398,0.6437
902,0.9650,0.7352,0.8398,0.6437
903,0.9655,0.7167,0.8398,0.6200
904,0.9629,0.7120,0.8398,0.6135
905,0.9647,0.7262,0.8398,0.6195
906,0.9675,0.7021,0.8398,0.6360
907,0.9699,0.7328,0.8398,0.6407
908,0.9636,0.7483,0.8398,0.6630
909,0.9611,0.7078,0.8398,0.6124
910,0.9704,0.7141,0.8398,0.6410
911,0.9680,0.7362,0.8398,0.6557
912,0.9637,0.7108,0.8398,0.6073
913,0.9646,0.7329,0.8398,0.6374
914,0.9652,0.7061,0.8398,0.6174
915,0.9567,0.7201,0.8398,0.6177
916,0.9622,0.7104,0.8398,0.6083
917,0.9677,0.7103,0.8398,0.6042
918,0.9681,0.7356,0.8398,0.6513
919,0.9621,0.7216,0.8398,0.6435
920,0.9633,0.7109,0.8398,0.6067
921,0.9636,0.7128,0.8398,0.6128
922,0.9614,0.7019,0.8398,0.6149
923,0.9654,0.6909,0.8398,0.6408
924,0.9691,0.7130,0.8398,0.6403
925,0.9679,0.7492,0.8398,0.6486
926,0.9656,0.7313,0.8398,0.6427
927,0.9687,0.7216,0.8398,0.6371
928,0.9640,0.6971,0.8398,0.6357
929,0.9647,0.7239,0.8398,0.6100
930,0.9637,0.7390,0.8398,0.6626
931,0.9682,0.7328,0.8398,0.6660
932,0.9658,0.7209,0.8398,0.6363
933,0.9627,0.7051,0.8398,0.6246
934,0.9677,0.7100,0.8398,0.6602
935,0.9664,0.7276,0.8398,0.6258
936,0.9660,0.7115,0.8398,0.6403
937,0.9613,0.7147,0.8398,0.6204
938,0.9587,0.7107,0.8398,0.6162
939,0.9643,0.7176,0.8398,0.6300
940,0.9663,0.7489,0.8398,0.6262
941,0.9660,0.7137,0.8398,0.6012
942,0.9634,0.7278,0.8398,0.6217
943,0.9695,0.7220,0.8398,0.6218
944,0.9662,0.7145,0.8398,0.6325
945,0.9645,0.7180,0.8398,0.6256
946,0.9643,0.7273,0.8398,0.6400
947,0.9626,0.7159,0.8398,0.5959
948,0.9693,0.7358,0.8398,0.6046
949,0.9652,0.7371,0.8398,0.6685
950,0.9632,0.7110,0.8398,0.6241
951,0.9681,0.7014,0.8398,0.6284
952,0.9682,0.7087,0.8398,0.6268
953,0.9622,0.7242,0.8398,0.6144
954,0.9663,0.7456,0.8398,0.6560
955,0.9623,0.7304,0.8398,0.6251
956,0.9635,0.7022,0.8398,0.6095
957,0.9627,0.7288,0.8398,0.6804
958,0.9630,0.7232,0.8398,0.6644
959,0.9651,0.7191,0.8398,0.6098
960,0.9621,0.7228,0.8398,0.6225
961,0.9604,0.7367,0.8398,0.6564
962,0.9570,0.7123,0.8398,0.6274
963,0.9640,0.7254,0.8398,0.6226
964,0.9639,0.7380,0.8398,0.6627
965,0.9670,0.7319,0.8398,0.6588
966,0.9616,0.7257,0.8398,0.6245
967,0.9652,0.7264,0.8398,0.6213
968,0.9642,0.7452,0.8398,0.6202
969,0.9653,0.7207,0.8398,0.6113
970,0.9638,0.7153,0.8398,0.6201
971,0.9645,0.7276,0.8398,0.6345
972,0.9667,0.7086,0.8398,0.6139
973,0.9655,0.7239,0.8398,0.6331
974,0.9613,0.7176,0.8398,0.6185
975,0.9652,0.7103,0.8398,0.6113
976,0.9621,0.7171,0.8398,0.5995
977,0.9624,0.7140,0.8398,0.6215
978,0.9683,0.7054,0.8398,0.6472
979,0.9661,0.7151,0.8398,0.6289
980,0.9627,0.7454,0.8398,0.6251
981,0.9636,0.7097,0.8398,0.6367
982,0.9652,0.7085,0.8398,0.6385
983,0.9671,0.7440,0.8398,0.6412
984,0.9625,0.7305,0.8398,0.6221
985,0.9671,0.7029,0.8398,0.6098
986,0.9659,0.7312,0.8398,0.6264
987,0.9678,0.7378,0.8398,0.6171
988,0.9646,0.6915,0.8398,0.6158
989,0.9679,0.7064,0.8398,0.6116
990,0.9675,0.7014,0.8398,0.6245
991,0.9649,0.7251,0.8398,0.6129
992,0.9669,0.6966,0.8398,0.6178
993,0.9682,0.7272,0.8398,0.6462
994,0.9654,0.7234,0.8398,0.6501
995,0.9641,0.7431,0.8398,0.6166
996,0.9668,0.7416,0.8398,0.6605
997,0.9615,0.7015,0.8398,0.6437
998,0.9657,0.7353,0.8398,0.6645
999,0.9667,0.7484,0.8398,0.6673
